{
    "metrics": {
        "http_req_tls_handshaking": {
            "med": 0,
            "max": 0,
            "p(90)": 0,
            "p(95)": 0,
            "avg": 0,
            "min": 0
        },
        "http_req_sending": {
            "max": 0.631015,
            "p(90)": 0.02139,
            "p(95)": 0.026068649999999992,
            "avg": 0.01462789083170964,
            "min": 0.004308,
            "med": 0.012593
        },
        "http_req_waiting": {
            "p(90)": 1.628548,
            "p(95)": 1.77622,
            "avg": 1.0210495412906413,
            "min": 0.248623,
            "med": 0.9606684999999999,
            "max": 20.593307
        },
        "http_req_failed": {
            "passes": 0,
            "fails": 78008,
            "thresholds": {
                "rate<0.01": false
            },
            "value": 0
        },
        "http_req_receiving": {
            "med": 0.032169,
            "max": 25.872717,
            "p(90)": 0.054602,
            "p(95)": 0.06354864999999998,
            "avg": 0.0363526626499846,
            "min": 0.007253
        },
        "dropped_iterations": {
            "count": 443,
            "rate": 1.2271693667723582
        },
        "vus_max": {
            "value": 310,
            "min": 110,
            "max": 310
        },
        "http_req_duration{expected_response:true}": {
            "avg": 1.0720300947723123,
            "min": 0.269031,
            "med": 1.0078515000000001,
            "max": 26.684839,
            "p(90)": 1.679216,
            "p(95)": 1.8290148499999999
        },
        "checks": {
            "passes": 156016,
            "fails": 0,
            "value": 1
        },
        "iteration_duration": {
            "p(95)": 1002.618244,
            "avg": 1001.6688187593821,
            "min": 1000.365919,
            "med": 1001.6238115000001,
            "max": 1026.909357,
            "p(90)": 1002.362389
        },
        "http_req_blocked": {
            "avg": 0.006699728873961697,
            "min": 0.001733,
            "med": 0.004589,
            "max": 12.721389,
            "p(90)": 0.007113,
            "p(95)": 0.008796
        },
        "http_req_duration": {
            "p(90)": 1.679216,
            "p(95)": 1.8290148499999999,
            "avg": 1.0720300947723123,
            "min": 0.269031,
            "med": 1.0078515000000001,
            "max": 26.684839,
            "thresholds": {
                "p(95)<500": false
            }
        },
        "http_reqs": {
            "count": 78008,
            "rate": 216.09261391236595
        },
        "vus": {
            "value": 0,
            "min": 0,
            "max": 299
        },
        "data_sent": {
            "count": 6006616,
            "rate": 16639.13127125218
        },
        "data_received": {
            "rate": 33710.44777032909,
            "count": 12169248
        },
        "iterations": {
            "count": 78008,
            "rate": 216.09261391236595
        },
        "errors": {
            "count": 0,
            "rate": 0,
            "thresholds": {
                "rate<0.05": false
            }
        },
        "http_req_connecting": {
            "med": 0,
            "max": 12.660295,
            "p(90)": 0,
            "p(95)": 0,
            "avg": 0.001211290700953748,
            "min": 0
        }
    },
    "root_group": {
        "path": "",
        "id": "d41d8cd98f00b204e9800998ecf8427e",
        "groups": {},
        "checks": {
                "status is 200": {
                    "id": "6210a8cd14cd70477eba5c5e4cb3fb5f",
                    "passes": 78008,
                    "fails": 0,
                    "name": "status is 200",
                    "path": "::status is 200"
                },
                "response time < 200ms": {
                    "name": "response time < 200ms",
                    "path": "::response time < 200ms",
                    "id": "30cdd5fbce443e25a0330e25aa52afa2",
                    "passes": 78008,
                    "fails": 0
                }
            },
        "name": ""
    }
}