{
    "root_group": {
        "path": "",
        "id": "d41d8cd98f00b204e9800998ecf8427e",
        "groups": {},
        "checks": {
                "status is 200": {
                    "name": "status is 200",
                    "path": "::status is 200",
                    "id": "6210a8cd14cd70477eba5c5e4cb3fb5f",
                    "passes": 78002,
                    "fails": 0
                },
                "response time < 200ms": {
                    "name": "response time < 200ms",
                    "path": "::response time < 200ms",
                    "id": "30cdd5fbce443e25a0330e25aa52afa2",
                    "passes": 78002,
                    "fails": 0
                }
            },
        "name": ""
    },
    "metrics": {
        "http_req_sending": {
            "avg": 0.014864375118586666,
            "min": 0.004027,
            "med": 0.012924,
            "max": 0.696357,
            "p(90)": 0.02174,
            "p(95)": 0.026299
        },
        "http_req_failed": {
            "passes": 0,
            "fails": 78002,
            "thresholds": {
                "rate<0.01": false
            },
            "value": 0
        },
        "http_req_receiving": {
            "avg": 0.03971001056383126,
            "min": 0.008125,
            "med": 0.035376,
            "max": 1.013247,
            "p(90)": 0.060653,
            "p(95)": 0.071723
        },
        "data_received": {
            "count": 20904536,
            "rate": 57908.10379834623
        },
        "data_sent": {
            "count": 6006154,
            "rate": 16637.776091315896
        },
        "http_req_waiting": {
            "max": 16.91654,
            "p(90)": 2.1645079000000003,
            "p(95)": 2.41799045,
            "avg": 1.5199872698135914,
            "min": 0.684103,
            "med": 1.464472
        },
        "iterations": {
            "rate": 216.07501417293372,
            "count": 78002
        },
        "dropped_iterations": {
            "count": 449,
            "rate": 1.243784535827892
        },
        "http_reqs": {
            "count": 78002,
            "rate": 216.07501417293372
        },
        "iteration_duration": {
            "avg": 1002.1733821624863,
            "min": 1000.793025,
            "med": 1002.121243,
            "max": 1017.800925,
            "p(90)": 1002.9320048999999,
            "p(95)": 1003.22513195
        },
        "errors": {
            "count": 0,
            "rate": 0,
            "thresholds": {
                "rate<0.05": false
            }
        },
        "http_req_blocked": {
            "p(95)": 0.008987,
            "avg": 0.006800387297761617,
            "min": 0.001593,
            "med": 0.004699,
            "max": 11.596944,
            "p(90)": 0.007283
        },
        "http_req_duration": {
            "avg": 1.5745616554960187,
            "min": 0.705384,
            "med": 1.516444,
            "max": 17.004774,
            "p(90)": 2.2207680000000014,
            "p(95)": 2.4759189999999998,
            "thresholds": {
                "p(95)<500": false
            }
        },
        "http_req_tls_handshaking": {
            "avg": 0,
            "min": 0,
            "med": 0,
            "max": 0,
            "p(90)": 0,
            "p(95)": 0
        },
        "vus": {
            "value": 1,
            "min": 1,
            "max": 298
        },
        "checks": {
            "passes": 156004,
            "fails": 0,
            "value": 1
        },
        "http_req_duration{expected_response:true}": {
            "avg": 1.5745616554960187,
            "min": 0.705384,
            "med": 1.516444,
            "max": 17.004774,
            "p(90)": 2.2207680000000014,
            "p(95)": 2.4759189999999998
        },
        "vus_max": {
            "min": 110,
            "max": 310,
            "value": 310
        },
        "http_req_connecting": {
            "med": 0,
            "max": 11.530781,
            "p(90)": 0,
            "p(95)": 0,
            "avg": 0.001187096151380734,
            "min": 0
        }
    }
}