{
    "root_group": {
        "name": "",
        "path": "",
        "id": "d41d8cd98f00b204e9800998ecf8427e",
        "groups": {},
        "checks": {
                "status is 200": {
                    "id": "6210a8cd14cd70477eba5c5e4cb3fb5f",
                    "passes": 77691,
                    "fails": 0,
                    "name": "status is 200",
                    "path": "::status is 200"
                },
                "response time < 200ms": {
                    "name": "response time < 200ms",
                    "path": "::response time < 200ms",
                    "id": "30cdd5fbce443e25a0330e25aa52afa2",
                    "passes": 77690,
                    "fails": 1
                }
            }
    },
    "metrics": {
        "http_req_blocked": {
            "avg": 0.009528568302641283,
            "min": 0,
            "med": 0.004,
            "max": 62.927,
            "p(90)": 0.006,
            "p(95)": 0.007
        },
        "iterations": {
            "count": 77691,
            "rate": 105.05794428178883
        },
        "http_req_receiving": {
            "avg": 0.032483260609331925,
            "min": 0.003,
            "med": 0.026,
            "max": 11.013,
            "p(90)": 0.049,
            "p(95)": 0.061
        },
        "http_req_tls_handshaking": {
            "min": 0,
            "med": 0,
            "max": 0,
            "p(90)": 0,
            "p(95)": 0,
            "avg": 0
        },
        "http_req_connecting": {
            "avg": 0.004062066391216484,
            "min": 0,
            "med": 0,
            "max": 4.035,
            "p(90)": 0,
            "p(95)": 0
        },
        "data_received": {
            "count": 17169711,
            "rate": 23217.805686275333
        },
        "http_req_waiting": {
            "min": 0.382,
            "med": 1.483,
            "max": 378720.65,
            "p(90)": 3.158,
            "p(95)": 3.8444999999999965,
            "avg": 6.876674415311913
        },
        "iteration_duration": {
            "p(95)": 1004.8438749999999,
            "avg": 1002.5816512014441,
            "min": 1000.422125,
            "med": 1001.896708,
            "max": 1218.190042,
            "p(90)": 1003.775208
        },
        "checks": {
            "passes": 155381,
            "fails": 1,
            "value": 0.9999935642481111
        },
        "vus": {
            "value": 2,
            "min": 2,
            "max": 298
        },
        "http_reqs": {
            "rate": 105.05794428178883,
            "count": 77691
        },
        "http_req_duration{expected_response:true}": {
            "p(95)": 3.9124999999999965,
            "avg": 6.92758065927842,
            "min": 0.39,
            "med": 1.538,
            "max": 378720.923,
            "p(90)": 3.215
        },
        "vus_max": {
            "min": 110,
            "max": 310,
            "value": 310
        },
        "dropped_iterations": {
            "rate": 1.0304173397526495,
            "count": 762
        },
        "data_sent": {
            "count": 6759117,
            "rate": 9140.041152515629
        },
        "http_req_sending": {
            "p(95)": 0.028,
            "avg": 0.018422983357141147,
            "min": 0.001,
            "med": 0.014,
            "max": 46.266,
            "p(90)": 0.023
        },
        "http_req_failed": {
            "passes": 0,
            "fails": 77691,
            "thresholds": {
                "rate<0.01": false
            },
            "value": 0
        },
        "errors": {
            "count": 1,
            "rate": 0.0013522537267095138,
            "thresholds": {
                "rate<0.05": false
            }
        },
        "http_req_duration": {
            "med": 1.538,
            "max": 378720.923,
            "p(90)": 3.215,
            "p(95)": 3.9124999999999965,
            "avg": 6.92758065927842,
            "min": 0.39,
            "thresholds": {
                "p(95)<500": false
            }
        }
    }
}