{
    "root_group": {
        "name": "",
        "path": "",
        "id": "d41d8cd98f00b204e9800998ecf8427e",
        "groups": {},
        "checks": {
                "status is 200": {
                    "name": "status is 200",
                    "path": "::status is 200",
                    "id": "6210a8cd14cd70477eba5c5e4cb3fb5f",
                    "passes": 77734,
                    "fails": 0
                },
                "response time < 200ms": {
                    "name": "response time < 200ms",
                    "path": "::response time < 200ms",
                    "id": "30cdd5fbce443e25a0330e25aa52afa2",
                    "passes": 77734,
                    "fails": 0
                }
            }
    },
    "metrics": {
        "iteration_duration": {
            "p(95)": 1003.9440976999999,
            "avg": 1002.7488014135488,
            "min": 1000.818792,
            "med": 1002.007792,
            "max": 1229.393917,
            "p(90)": 1003.5754044
        },
        "http_req_blocked": {
            "avg": 0.008733141225200877,
            "min": 0,
            "med": 0.002,
            "max": 20.24,
            "p(90)": 0.005,
            "p(95)": 0.006
        },
        "http_req_receiving": {
            "p(95)": 0.051,
            "avg": 0.02148637661768766,
            "min": 0.004,
            "med": 0.012,
            "max": 19.06,
            "p(90)": 0.039
        },
        "errors": {
            "count": 0,
            "rate": 0,
            "thresholds": {
                "rate<0.05": false
            }
        },
        "data_received": {
            "rate": 37344.47635875089,
            "count": 20832712
        },
        "http_req_duration": {
            "avg": 2.2853058764504595,
            "min": 0.765,
            "med": 1.83,
            "max": 188.496,
            "p(90)": 3.162,
            "p(95)": 3.555,
            "thresholds": {
                "p(95)<500": false
            }
        },
        "vus_max": {
            "value": 310,
            "min": 110,
            "max": 310
        },
        "checks": {
            "passes": 155468,
            "fails": 0,
            "value": 1
        },
        "http_req_failed": {
            "passes": 0,
            "fails": 77734,
            "thresholds": {
                "rate<0.01": false
            },
            "value": 0
        },
        "dropped_iterations": {
            "count": 717,
            "rate": 1.2852858307273864
        },
        "http_req_tls_handshaking": {
            "p(90)": 0,
            "p(95)": 0,
            "avg": 0,
            "min": 0,
            "med": 0,
            "max": 0
        },
        "http_req_duration{expected_response:true}": {
            "min": 0.765,
            "med": 1.83,
            "max": 188.496,
            "p(90)": 3.162,
            "p(95)": 3.555,
            "avg": 2.2853058764504595
        },
        "iterations": {
            "count": 77734,
            "rate": 139.34506104011527
        },
        "http_req_connecting": {
            "avg": 0.0032489772814984423,
            "min": 0,
            "med": 0,
            "max": 20.199,
            "p(90)": 0,
            "p(95)": 0
        },
        "http_req_sending": {
            "max": 39.014,
            "p(90)": 0.019,
            "p(95)": 0.024,
            "avg": 0.016994674145159188,
            "min": 0.002,
            "med": 0.007
        },
        "http_reqs": {
            "count": 77734,
            "rate": 139.34506104011527
        },
        "http_req_waiting": {
            "min": 0.756,
            "med": 1.81,
            "max": 188.466,
            "p(90)": 3.12,
            "p(95)": 3.533,
            "avg": 2.246824825687568
        },
        "vus": {
            "value": 149,
            "min": 61,
            "max": 299
        },
        "data_sent": {
            "count": 6765816,
            "rate": 12128.322786762403
        }
    }
}