{
    "root_group": {
        "id": "d41d8cd98f00b204e9800998ecf8427e",
        "groups": {},
        "checks": {
                "status is 200": {
                    "id": "6210a8cd14cd70477eba5c5e4cb3fb5f",
                    "passes": 77662,
                    "fails": 0,
                    "name": "status is 200",
                    "path": "::status is 200"
                },
                "response time < 200ms": {
                    "name": "response time < 200ms",
                    "path": "::response time < 200ms",
                    "id": "30cdd5fbce443e25a0330e25aa52afa2",
                    "passes": 77662,
                    "fails": 0
                }
            },
        "name": "",
        "path": ""
    },
    "metrics": {
        "http_req_sending": {
            "avg": 0.013272106268187915,
            "min": 0.004158,
            "med": 0.011622,
            "max": 1.340235,
            "p(90)": 0.018905,
            "p(95)": 0.023544
        },
        "http_req_receiving": {
            "max": 1.136326,
            "p(90)": 0.055453,
            "p(95)": 0.068237,
            "avg": 0.035606799683242936,
            "min": 0.006592,
            "med": 0.031383499999999995
        },
        "data_sent": {
            "count": 5979974,
            "rate": 16565.030905768333
        },
        "http_req_connecting": {
            "max": 19.130971,
            "p(90)": 0,
            "p(95)": 0,
            "avg": 0.0012201455538101002,
            "min": 0,
            "med": 0
        },
        "vus_max": {
            "value": 310,
            "min": 110,
            "max": 310
        },
        "http_req_duration{expected_response:true}": {
            "max": 28.758107,
            "p(90)": 9.384024100000003,
            "p(95)": 10.415411899999999,
            "avg": 7.975004346102189,
            "min": 6.280895,
            "med": 7.587037
        },
        "data_received": {
            "count": 9008792,
            "rate": 24955.111494404246
        },
        "http_req_blocked": {
            "min": 0.001593,
            "med": 0.004368,
            "max": 19.192285,
            "p(90)": 0.006843,
            "p(95)": 0.008526,
            "avg": 0.006440705711931265
        },
        "http_req_tls_handshaking": {
            "p(90)": 0,
            "p(95)": 0,
            "avg": 0,
            "min": 0,
            "med": 0,
            "max": 0
        },
        "iterations": {
            "count": 77662,
            "rate": 215.13027150348486
        },
        "vus": {
            "value": 1,
            "min": 1,
            "max": 298
        },
        "checks": {
            "passes": 155324,
            "fails": 0,
            "value": 1
        },
        "http_req_failed": {
            "passes": 0,
            "fails": 77662,
            "thresholds": {
                "rate<0.01": false
            },
            "value": 0
        },
        "http_req_waiting": {
            "avg": 7.9261254401510595,
            "min": 6.246131,
            "med": 7.5389325,
            "max": 28.698075,
            "p(90)": 9.330129000000001,
            "p(95)": 10.356689899999997
        },
        "http_req_duration": {
            "p(95)": 10.415411899999999,
            "avg": 7.975004346102189,
            "min": 6.280895,
            "med": 7.587037,
            "max": 28.758107,
            "p(90)": 9.384024100000003,
            "thresholds": {
                "p(95)<500": false
            }
        },
        "iteration_duration": {
            "avg": 1008.5818228172155,
            "min": 1006.476622,
            "med": 1008.247374,
            "max": 1031.71803,
            "p(90)": 1010.046007,
            "p(95)": 1011.06893595
        },
        "errors": {
            "count": 0,
            "rate": 0,
            "thresholds": {
                "rate<0.05": false
            }
        },
        "dropped_iterations": {
            "count": 789,
            "rate": 2.1855963562134577
        },
        "http_reqs": {
            "count": 77662,
            "rate": 215.13027150348486
        }
    }
}